{"kind":"APIResourceList","apiVersion":"v1","groupVersion":"apps/v1beta1","resources":[{"name":"controllerrevisions","singularName":"","namespaced":true,"kind":"ControllerRevision","verbs":["create","delete","deletecollection","get","list","patch","update","watch"]},{"name":"deployments","singularName":"","namespaced":true,"kind":"Deployment","verbs":["create","delete","deletecollection","get","list","patch","update","watch"],"shortNames":["deploy"],"categories":["all"]},{"name":"deployments/rollback","singularName":"","namespaced":true,"kind":"DeploymentRollback","verbs":["create"]},{"name":"deployments/scale","singularName":"","namespaced":true,"kind":"Scale","verbs":["get","patch","update"]},{"name":"deployments/status","singularName":"","namespaced":true,"kind":"Deployment","verbs":["get","patch","update"]},{"name":"statefulsets","singularName":"","namespaced":true,"kind":"StatefulSet","verbs":["create","delete","deletecollection","get","list","patch","update","watch"],"shortNames":["sts"],"categories":["all"]},{"name":"statefulsets/status","singularName":"","namespaced":true,"kind":"StatefulSet","verbs":["get","patch","update"]}]}
