{"kind":"APIResourceList","apiVersion":"v1","groupVersion":"rbac.authorization.k8s.io/v1alpha1","resources":[{"name":"clusterrolebindings","singularName":"","namespaced":false,"kind":"ClusterRoleBinding","verbs":["create","delete","deletecollection","get","list","patch","update","watch"]},{"name":"clusterroles","singularName":"","namespaced":false,"kind":"ClusterRole","verbs":["create","delete","deletecollection","get","list","patch","update","watch"]},{"name":"rolebindings","singularName":"","namespaced":true,"kind":"RoleBinding","verbs":["create","delete","deletecollection","get","list","patch","update","watch"]},{"name":"roles","singularName":"","namespaced":true,"kind":"Role","verbs":["create","delete","deletecollection","get","list","patch","update","watch"]}]}
