{"kind":"APIGroupList","apiVersion":"v1","groups":[{"name":"apiregistration.k8s.io","versions":[{"groupVersion":"apiregistration.k8s.io/v1beta1","version":"v1beta1"}],"preferredVersion":{"groupVersion":"apiregistration.k8s.io/v1beta1","version":"v1beta1"},"serverAddressByClientCIDRs":null},{"name":"extensions","versions":[{"groupVersion":"extensions/v1beta1","version":"v1beta1"}],"preferredVersion":{"groupVersion":"extensions/v1beta1","version":"v1beta1"},"serverAddressByClientCIDRs":null},{"name":"apps","versions":[{"groupVersion":"apps/v1beta1","version":"v1beta1"}],"preferredVersion":{"groupVersion":"apps/v1beta1","version":"v1beta1"},"serverAddressByClientCIDRs":null},{"name":"authentication.k8s.io","versions":[{"groupVersion":"authentication.k8s.io/v1","version":"v1"},{"groupVersion":"authentication.k8s.io/v1beta1","version":"v1beta1"}],"preferredVersion":{"groupVersion":"authentication.k8s.io/v1","version":"v1"},"serverAddressByClientCIDRs":null},{"name":"authorization.k8s.io","versions":[{"groupVersion":"authorization.k8s.io/v1","version":"v1"},{"groupVersion":"authorization.k8s.io/v1beta1","version":"v1beta1"}],"preferredVersion":{"groupVersion":"authorization.k8s.io/v1","version":"v1"},"serverAddressByClientCIDRs":null},{"name":"autoscaling","versions":[{"groupVersion":"autoscaling/v1","version":"v1"}],"preferredVersion":{"groupVersion":"autoscaling/v1","version":"v1"},"serverAddressByClientCIDRs":null},{"name":"batch","versions":[{"groupVersion":"batch/v1","version":"v1"},{"groupVersion":"batch/v2alpha1","version":"v2alpha1"}],"preferredVersion":{"groupVersion":"batch/v1","version":"v1"},"serverAddressByClientCIDRs":null},{"name":"certificates.k8s.io","versions":[{"groupVersion":"certificates.k8s.io/v1beta1","version":"v1beta1"}],"preferredVersion":{"groupVersion":"certificates.k8s.io/v1beta1","version":"v1beta1"},"serverAddressByClientCIDRs":null},{"name":"networking.k8s.io","versions":[{"groupVersion":"networking.k8s.io/v1","version":"v1"}],"preferredVersion":{"groupVersion":"networking.k8s.io/v1","version":"v1"},"serverAddressByClientCIDRs":null},{"name":"policy","versions":[{"groupVersion":"policy/v1beta1","version":"v1beta1"}],"preferredVersion":{"groupVersion":"policy/v1beta1","version":"v1beta1"},"serverAddressByClientCIDRs":null},{"name":"rbac.authorization.k8s.io","versions":[{"groupVersion":"rbac.authorization.k8s.io/v1beta1","version":"v1beta1"},{"groupVersion":"rbac.authorization.k8s.io/v1alpha1","version":"v1alpha1"}],"preferredVersion":{"groupVersion":"rbac.authorization.k8s.io/v1beta1","version":"v1beta1"},"serverAddressByClientCIDRs":null},{"name":"settings.k8s.io","versions":[{"groupVersion":"settings.k8s.io/v1alpha1","version":"v1alpha1"}],"preferredVersion":{"groupVersion":"settings.k8s.io/v1alpha1","version":"v1alpha1"},"serverAddressByClientCIDRs":null},{"name":"storage.k8s.io","versions":[{"groupVersion":"storage.k8s.io/v1","version":"v1"},{"groupVersion":"storage.k8s.io/v1beta1","version":"v1beta1"}],"preferredVersion":{"groupVersion":"storage.k8s.io/v1","version":"v1"},"serverAddressByClientCIDRs":null},{"name":"apiextensions.k8s.io","versions":[{"groupVersion":"apiextensions.k8s.io/v1beta1","version":"v1beta1"}],"preferredVersion":{"groupVersion":"apiextensions.k8s.io/v1beta1","version":"v1beta1"},"serverAddressByClientCIDRs":null},{"name":"alpha.projectcalico.org","versions":[{"groupVersion":"alpha.projectcalico.org/v1","version":"v1"}],"preferredVersion":{"groupVersion":"alpha.projectcalico.org/v1","version":"v1"},"serverAddressByClientCIDRs":null},{"name":"projectcalico.org","versions":[{"groupVersion":"projectcalico.org/v1","version":"v1"}],"preferredVersion":{"groupVersion":"projectcalico.org/v1","version":"v1"},"serverAddressByClientCIDRs":null},{"name":"stable.innoq.com","versions":[{"groupVersion":"stable.innoq.com/v1","version":"v1"}],"preferredVersion":{"groupVersion":"stable.innoq.com/v1","version":"v1"},"serverAddressByClientCIDRs":null},{"name":"rook.io","versions":[{"groupVersion":"rook.io/v1alpha1","version":"v1alpha1"}],"preferredVersion":{"groupVersion":"rook.io/v1alpha1","version":"v1alpha1"},"serverAddressByClientCIDRs":null},{"name":"etcd.coreos.com","versions":[{"groupVersion":"etcd.coreos.com/v1beta1","version":"v1beta1"}],"preferredVersion":{"groupVersion":"etcd.coreos.com/v1beta1","version":"v1beta1"},"serverAddressByClientCIDRs":null},{"name":"etcd.database.coreos.com","versions":[{"groupVersion":"etcd.database.coreos.com/v1beta2","version":"v1beta2"}],"preferredVersion":{"groupVersion":"etcd.database.coreos.com/v1beta2","version":"v1beta2"},"serverAddressByClientCIDRs":null},{"name":"","versions":[{"groupVersion":"v1","version":"v1"}],"preferredVersion":{"groupVersion":"v1","version":"v1"},"serverAddressByClientCIDRs":null}]}
