{"kind":"APIResourceList","apiVersion":"v1","groupVersion":"batch/v2alpha1","resources":[{"name":"cronjobs","singularName":"","namespaced":true,"kind":"CronJob","verbs":["create","delete","deletecollection","get","list","patch","update","watch"]},{"name":"cronjobs/status","singularName":"","namespaced":true,"kind":"CronJob","verbs":["get","patch","update"]},{"name":"scheduledjobs","singularName":"","namespaced":true,"kind":"ScheduledJob","verbs":["create","delete","deletecollection","get","list","patch","update","watch"]},{"name":"scheduledjobs/status","singularName":"","namespaced":true,"kind":"ScheduledJob","verbs":["get","patch","update"]}]}
